Service,ServicePath,ImageName,CloudRunName
ai-budget-planner,mcp/ai-budget-planner/,ai-budget-planner,ai-budget-planner
ai-expense-manager,mcp/ai-expense-manager/,ai-expense-manager,ai-expense-manager
ai-financial-analyst,mcp/ai-financial-analyst/,ai-financial-analyst,ai-financial-analyst
ai-financial-reporting-specialist,mcp/ai-financial-reporting-specialist/,ai-financial-reporting-specialist,ai-financial-reporting-specialist
ai-invoice-processor,mcp/ai-invoice-processor/,ai-invoice-processor,ai-invoice-processor
ai-payroll-manager,mcp/ai-payroll-manager/,ai-payroll-manager,ai-payroll-manager
ai-tax-compliance-agent,mcp/ai-tax-compliance-agent/,ai-tax-compliance-agent,ai-tax-compliance-agent
ai-training-coordinator,mcp/ai-training-coordinator/,ai-training-coordinator,ai-training-coordinator
ai-ux-analyst,mcp/ai-ux-analyst/,ai-ux-analyst,ai-ux-analyst
amazon-drop-shipping-ai,mcp/amazon-drop-shipping-ai/,amazon-drop-shipping-ai,amazon-drop-shipping-ai
coder-agent,mcp/coder-agent/,coder-agent,coder-agent
content-generation-ai,mcp/content-generation-ai/,content-generation-ai,content-generation-ai
cto-agent,mcp/cto-agent/,cto-agent,cto-agent
data-scrubbing-ai,mcp/data-scrubbing-ai/,data-scrubbing-ai,data-scrubbing-ai
designer-ai-agent,mcp/designer-ai-agent/,designer-ai-agent,designer-ai-agent
email-campaign-optimizer-ai,mcp/email-campaign-optimizer-ai/,email-campaign-optimizer-ai,email-campaign-optimizer-ai
fundraising-chatbot-ai,mcp/fundraising-chatbot-ai/,fundraising-chatbot-ai,fundraising-chatbot-ai
hr-ai-agent,mcp/hr-ai-agent/,hr-ai-agent,hr-ai-agent
information-retrieval-ai,mcp/information-retrieval-ai/,information-retrieval-ai,information-retrieval-ai
mcp-analytics,mcp/mcp-analytics/,mcp-analytics,mcp-analytics
mcp-gateway,mcp/mcp-gateway/,mcp-gateway,mcp-gateway
mcp-google-ads,mcp/mcp-google-ads/,mcp-google-ads,mcp-google-ads
multimodal-ai,mcp/multimodal-ai/,multimodal-ai,multimodal-ai
org-scrubber-mcp,mcp/org-scrubber-mcp/,org-scrubber-mcp,org-scrubber-mcp
personalized-donation-ai,mcp/personalized-donation-ai/,personalized-donation-ai,personalized-donation-ai
qa-ai-agent,mcp/qa-ai-agent/,qa-ai-agent,qa-ai-agent
reporting-dashboard-ai,mcp/reporting-dashboard-ai/,reporting-dashboard-ai,reporting-dashboard-ai
project-manager-agent,mcp/project-manager-agent/,project-manager-agent,project-manager-agent
